{
	"start":	{
		"connected":	[{
				"socket":	5,
				"local_host":	"10.1.1.45",
				"local_port":	41096,
				"remote_host":	"10.0.10.178",
				"remote_port":	5201
			}],
		"version":	"iperf 3.7",
		"system_info":	"Linux perf-vm2-sc1 5.4.0-148-generic #165-Ubuntu SMP Tue Apr 18 08:53:12 UTC 2023 x86_64",
		"timestamp":	{
			"time":	"Sat, 28 Feb 2026 22:30:07 GMT",
			"timesecs":	1772317807
		},
		"connecting_to":	{
			"host":	"10.0.10.178",
			"port":	5201
		},
		"cookie":	"iybsqmo5r62femt3vnyi7p7hvcjiqwf5ow5b",
		"tcp_mss_default":	1348,
		"sock_bufsize":	0,
		"sndbuf_actual":	16384,
		"rcvbuf_actual":	131072,
		"test_start":	{
			"protocol":	"TCP",
			"num_streams":	1,
			"blksize":	131072,
			"omit":	0,
			"duration":	30,
			"bytes":	0,
			"blocks":	0,
			"reverse":	0,
			"tos":	0
		}
	},
	"intervals":	[{
			"streams":	[{
					"socket":	5,
					"start":	0,
					"end":	1.000215,
					"seconds":	1.0002150535583496,
					"bytes":	822432212,
					"bits_per_second":	6578043064.4320173,
					"retransmits":	0,
					"snd_cwnd":	1850804,
					"rtt":	1779,
					"rttvar":	248,
					"pmtu":	1400,
					"omitted":	false,
					"sender":	true
				}],
			"sum":	{
				"start":	0,
				"end":	1.000215,
				"seconds":	1.0002150535583496,
				"bytes":	822432212,
				"bits_per_second":	6578043064.4320173,
				"retransmits":	0,
				"omitted":	false,
				"sender":	true
			}
		}, {
			"streams":	[{
					"socket":	5,
					"start":	1.000215,
					"end":	2.000828,
					"seconds":	1.0006129741668701,
					"bytes":	731426120,
					"bits_per_second":	5847824394.7136478,
					"retransmits":	0,
					"snd_cwnd":	1850804,
					"rtt":	1763,
					"rttvar":	253,
					"pmtu":	1400,
					"omitted":	false,
					"sender":	true
				}],
			"sum":	{
				"start":	1.000215,
				"end":	2.000828,
				"seconds":	1.0006129741668701,
				"bytes":	731426120,
				"bits_per_second":	5847824394.7136478,
				"retransmits":	0,
				"omitted":	false,
				"sender":	true
			}
		}, {
			"streams":	[{
					"socket":	5,
					"start":	2.000828,
					"end":	3.00037,
					"seconds":	0.9995419979095459,
					"bytes":	718095064,
					"bits_per_second":	5747392829.930769,
					"retransmits":	0,
					"snd_cwnd":	1850804,
					"rtt":	1654,
					"rttvar":	345,
					"pmtu":	1400,
					"omitted":	false,
					"sender":	true
				}],
			"sum":	{
				"start":	2.000828,
				"end":	3.00037,
				"seconds":	0.9995419979095459,
				"bytes":	718095064,
				"bits_per_second":	5747392829.930769,
				"retransmits":	0,
				"omitted":	false,
				"sender":	true
			}
		}, {
			"streams":	[{
					"socket":	5,
					"start":	3.00037,
					"end":	4.000284,
					"seconds":	0.99991399049758911,
					"bytes":	756725776,
					"bits_per_second":	6054326937.64734,
					"retransmits":	0,
					"snd_cwnd":	1850804,
					"rtt":	1845,
					"rttvar":	387,
					"pmtu":	1400,
					"omitted":	false,
					"sender":	true
				}],
			"sum":	{
				"start":	3.00037,
				"end":	4.000284,
				"seconds":	0.99991399049758911,
				"bytes":	756725776,
				"bits_per_second":	6054326937.64734,
				"retransmits":	0,
				"omitted":	false,
				"sender":	true
			}
		}, {
			"streams":	[{
					"socket":	5,
					"start":	4.000284,
					"end":	5.000772,
					"seconds":	1.0004880428314209,
					"bytes":	717472160,
					"bits_per_second":	5736977389.3111229,
					"retransmits":	0,
					"snd_cwnd":	1850804,
					"rtt":	2253,
					"rttvar":	392,
					"pmtu":	1400,
					"omitted":	false,
					"sender":	true
				}],
			"sum":	{
				"start":	4.000284,
				"end":	5.000772,
				"seconds":	1.0004880428314209,
				"bytes":	717472160,
				"bits_per_second":	5736977389.3111229,
				"retransmits":	0,
				"omitted":	false,
				"sender":	true
			}
		}, {
			"streams":	[{
					"socket":	5,
					"start":	5.000772,
					"end":	6.000169,
					"seconds":	0.99939697980880737,
					"bytes":	678326052,
					"bits_per_second":	5429882744.9310017,
					"retransmits":	0,
					"snd_cwnd":	1850804,
					"rtt":	1779,
					"rttvar":	373,
					"pmtu":	1400,
					"omitted":	false,
					"sender":	true
				}],
			"sum":	{
				"start":	5.000772,
				"end":	6.000169,
				"seconds":	0.99939697980880737,
				"bytes":	678326052,
				"bits_per_second":	5429882744.9310017,
				"retransmits":	0,
				"omitted":	false,
				"sender":	true
			}
		}, {
			"streams":	[{
					"socket":	5,
					"start":	6.000169,
					"end":	7.000519,
					"seconds":	1.0003499984741211,
					"bytes":	698826968,
					"bits_per_second":	5588659721.62505,
					"retransmits":	0,
					"snd_cwnd":	1850804,
					"rtt":	2448,
					"rttvar":	385,
					"pmtu":	1400,
					"omitted":	false,
					"sender":	true
				}],
			"sum":	{
				"start":	6.000169,
				"end":	7.000519,
				"seconds":	1.0003499984741211,
				"bytes":	698826968,
				"bits_per_second":	5588659721.62505,
				"retransmits":	0,
				"omitted":	false,
				"sender":	true
			}
		}, {
			"streams":	[{
					"socket":	5,
					"start":	7.000519,
					"end":	8.000258,
					"seconds":	0.99973899126052856,
					"bytes":	758996128,
					"bits_per_second":	6073554274.7453623,
					"retransmits":	0,
					"snd_cwnd":	1850804,
					"rtt":	1971,
					"rttvar":	372,
					"pmtu":	1400,
					"omitted":	false,
					"sender":	true
				}],
			"sum":	{
				"start":	7.000519,
				"end":	8.000258,
				"seconds":	0.99973899126052856,
				"bytes":	758996128,
				"bits_per_second":	6073554274.7453623,
				"retransmits":	0,
				"omitted":	false,
				"sender":	true
			}
		}, {
			"streams":	[{
					"socket":	5,
					"start":	8.000258,
					"end":	9.000114,
					"seconds":	0.99985599517822266,
					"bytes":	780594720,
					"bits_per_second":	6245657164.746892,
					"retransmits":	0,
					"snd_cwnd":	1850804,
					"rtt":	1659,
					"rttvar":	165,
					"pmtu":	1400,
					"omitted":	false,
					"sender":	true
				}],
			"sum":	{
				"start":	8.000258,
				"end":	9.000114,
				"seconds":	0.99985599517822266,
				"bytes":	780594720,
				"bits_per_second":	6245657164.746892,
				"retransmits":	0,
				"omitted":	false,
				"sender":	true
			}
		}, {
			"streams":	[{
					"socket":	5,
					"start":	9.000114,
					"end":	10.000702,
					"seconds":	1.000588059425354,
					"bytes":	791305544,
					"bits_per_second":	6326723862.401103,
					"retransmits":	0,
					"snd_cwnd":	1850804,
					"rtt":	1900,
					"rttvar":	291,
					"pmtu":	1400,
					"omitted":	false,
					"sender":	true
				}],
			"sum":	{
				"start":	9.000114,
				"end":	10.000702,
				"seconds":	1.000588059425354,
				"bytes":	791305544,
				"bits_per_second":	6326723862.401103,
				"retransmits":	0,
				"omitted":	false,
				"sender":	true
			}
		}, {
			"streams":	[{
					"socket":	5,
					"start":	10.000702,
					"end":	11.001057,
					"seconds":	1.0003550052642822,
					"bytes":	771989260,
					"bits_per_second":	6173722376.056283,
					"retransmits":	0,
					"snd_cwnd":	1850804,
					"rtt":	1685,
					"rttvar":	163,
					"pmtu":	1400,
					"omitted":	false,
					"sender":	true
				}],
			"sum":	{
				"start":	10.000702,
				"end":	11.001057,
				"seconds":	1.0003550052642822,
				"bytes":	771989260,
				"bits_per_second":	6173722376.056283,
				"retransmits":	0,
				"omitted":	false,
				"sender":	true
			}
		}, {
			"streams":	[{
					"socket":	5,
					"start":	11.001057,
					"end":	12.000289,
					"seconds":	0.99923199415206909,
					"bytes":	749496036,
					"bits_per_second":	6000576766.0472822,
					"retransmits":	0,
					"snd_cwnd":	1850804,
					"rtt":	1856,
					"rttvar":	453,
					"pmtu":	1400,
					"omitted":	false,
					"sender":	true
				}],
			"sum":	{
				"start":	11.001057,
				"end":	12.000289,
				"seconds":	0.99923199415206909,
				"bytes":	749496036,
				"bits_per_second":	6000576766.0472822,
				"retransmits":	0,
				"omitted":	false,
				"sender":	true
			}
		}, {
			"streams":	[{
					"socket":	5,
					"start":	12.000289,
					"end":	13.000178,
					"seconds":	0.99988901615142822,
					"bytes":	808719392,
					"bits_per_second":	6470473254.0238123,
					"retransmits":	0,
					"snd_cwnd":	1850804,
					"rtt":	1686,
					"rttvar":	285,