{
	"start":	{
		"connected":	[{
				"socket":	5,
				"local_host":	"10.1.1.45",
				"local_port":	51080,
				"remote_host":	"10.0.10.178",
				"remote_port":	5201
			}],
		"version":	"iperf 3.7",
		"system_info":	"Linux perf-vm2-sc1 5.4.0-148-generic #165-Ubuntu SMP Tue Apr 18 08:53:12 UTC 2023 x86_64",
		"timestamp":	{
			"time":	"Sat, 28 Feb 2026 22:30:38 GMT",
			"timesecs":	1772317838
		},
		"connecting_to":	{
			"host":	"10.0.10.178",
			"port":	5201
		},
		"cookie":	"naj6tung6f6vsoss4f3u3mq2o7uo4w44lgng",
		"sock_bufsize":	0,
		"sndbuf_actual":	212992,
		"rcvbuf_actual":	212992,
		"test_start":	{
			"protocol":	"UDP",
			"num_streams":	1,
			"blksize":	1348,
			"omit":	0,
			"duration":	30,
			"bytes":	0,
			"blocks":	0,
			"reverse":	0,
			"tos":	0
		}
	},
	"intervals":	[{
			"streams":	[{
					"socket":	5,
					"start":	0,
					"end":	1.00044,
					"seconds":	1.0004400014877319,
					"bytes":	50481252,
					"bits_per_second":	403672399.54364449,
					"packets":	37449,
					"omitted":	false,
					"sender":	true
				}],
			"sum":	{
				"start":	0,
				"end":	1.00044,
				"seconds":	1.0004400014877319,
				"bytes":	50481252,
				"bits_per_second":	403672399.54364449,
				"packets":	37449,
				"omitted":	false,
				"sender":	true
			}
		}, {
			"streams":	[{
					"socket":	5,
					"start":	1.00044,
					"end":	2.000182,
					"seconds":	0.99974197149276733,
					"bytes":	52770156,
					"bits_per_second":	422270205.7508387,
					"packets":	39147,
					"omitted":	false,
					"sender":	true
				}],
			"sum":	{
				"start":	1.00044,
				"end":	2.000182,
				"seconds":	0.99974197149276733,
				"bytes":	52770156,
				"bits_per_second":	422270205.7508387,
				"packets":	39147,
				"omitted":	false,
				"sender":	true
			}
		}, {
			"streams":	[{
					"socket":	5,
					"start":	2.000182,
					"end":	3.000737,
					"seconds":	1.0005550384521484,
					"bytes":	52586828,
					"bits_per_second":	420461251.83759165,
					"packets":	39011,
					"omitted":	false,
					"sender":	true
				}],
			"sum":	{
				"start":	2.000182,
				"end":	3.000737,
				"seconds":	1.0005550384521484,
				"bytes":	52586828,
				"bits_per_second":	420461251.83759165,
				"packets":	39011,
				"omitted":	false,
				"sender":	true
			}
		}, {
			"streams":	[{
					"socket":	5,
					"start":	3.000737,
					"end":	4.000003,
					"seconds":	0.99926602840423584,
					"bytes":	55385276,
					"bits_per_second":	443407656.62530732,
					"packets":	41087,
					"omitted":	false,
					"sender":	true
				}],
			"sum":	{
				"start":	3.000737,
				"end":	4.000003,
				"seconds":	0.99926602840423584,
				"bytes":	55385276,
				"bits_per_second":	443407656.62530732,
				"packets":	41087,
				"omitted":	false,
				"sender":	true
			}
		}, {
			"streams":	[{
					"socket":	5,
					"start":	4.000003,
					"end":	5.000577,
					"seconds":	1.000573992729187,
					"bytes":	46042288,
					"bits_per_second":	368127001.77756226,
					"packets":	34156,
					"omitted":	false,
					"sender":	true
				}],
			"sum":	{
				"start":	4.000003,
				"end":	5.000577,
				"seconds":	1.000573992729187,
				"bytes":	46042288,
				"bits_per_second":	368127001.77756226,
				"packets":	34156,
				"omitted":	false,
				"sender":	true
			}
		}, {
			"streams":	[{
					"socket":	5,
					"start":	5.000577,
					"end":	6.000434,
					"seconds":	0.99985700845718384,
					"bytes":	51792856,
					"bits_per_second":	414402103.99619669,
					"packets":	38422,
					"omitted":	false,
					"sender":	true
				}],
			"sum":	{
				"start":	5.000577,
				"end":	6.000434,
				"seconds":	0.99985700845718384,
				"bytes":	51792856,
				"bits_per_second":	414402103.99619669,
				"packets":	38422,
				"omitted":	false,
				"sender":	true
			}
		}, {
			"streams":	[{
					"socket":	5,
					"start":	6.000434,
					"end":	7.000002,
					"seconds":	0.999567985534668,
					"bytes":	51101332,
					"bits_per_second":	408987344.44893968,
					"packets":	37909,
					"omitted":	false,
					"sender":	true
				}],
			"sum":	{
				"start":	6.000434,
				"end":	7.000002,
				"seconds":	0.999567985534668,
				"bytes":	51101332,
				"bits_per_second":	408987344.44893968,
				"packets":	37909,
				"omitted":	false,
				"sender":	true
			}
		}, {
			"streams":	[{
					"socket":	5,
					"start":	7.000002,
					"end":	8.000173,
					"seconds":	1.0001709461212158,
					"bytes":	52543692,
					"bits_per_second":	420277691.15886283,
					"packets":	38979,
					"omitted":	false,
					"sender":	true
				}],
			"sum":	{
				"start":	7.000002,
				"end":	8.000173,
				"seconds":	1.0001709461212158,
				"bytes":	52543692,
				"bits_per_second":	420277691.15886283,
				"packets":	38979,
				"omitted":	false,
				"sender":	true
			}
		}, {
			"streams":	[{
					"socket":	5,
					"start":	8.000173,
					"end":	9.000152,
					"seconds":	0.99997901916503906,
					"bytes":	53783852,
					"bits_per_second":	430279843.63038623,
					"packets":	39899,
					"omitted":	false,
					"sender":	true
				}],
			"sum":	{
				"start":	8.000173,
				"end":	9.000152,
				"seconds":	0.99997901916503906,
				"bytes":	53783852,
				"bits_per_second":	430279843.63038623,
				"packets":	39899,
				"omitted":	false,
				"sender":	true
			}
		}, {
			"streams":	[{
					"socket":	5,
					"start":	9.000152,
					"end":	10.000729,
					"seconds":	1.0005769729614258,
					"bytes":	50436768,
					"bits_per_second":	403261473.03367484,
					"packets":	37416,
					"omitted":	false,
					"sender":	true
				}],
			"sum":	{
				"start":	9.000152,
				"end":	10.000729,
				"seconds":	1.0005769729614258,
				"bytes":	50436768,
				"bits_per_second":	403261473.03367484,
				"packets":	37416,
				"omitted":	false,
				"sender":	true
			}
		}, {
			"streams":	[{
					"socket":	5,
					"start":	10.000729,
					"end":	11.000122,
					"seconds":	0.99939298629760742,
					"bytes":	47502172,
					"bits_per_second":	380248191.86277068,
					"packets":	35239,
					"omitted":	false,
					"sender":	true
				}],
			"sum":	{
				"start":	10.000729,
				"end":	11.000122,
				"seconds":	0.99939298629760742,
				"bytes":	47502172,
				"bits_per_second":	380248191.86277068,
				"packets":	35239,
				"omitted":	false,
				"sender":	true
			}
		}, {
			"streams":	[{
					"socket":	5,
					"start":	11.000122,
					"end":	12.000261,
					"seconds":	1.0001389980316162,
					"bytes":	51307576,
					"bits_per_second":	410403562.71261466,
					"packets":	38062,
					"omitted":	false,
					"sender":	true
				}],
			"sum":	{
				"start":	11.000122,
				"end":	12.000261,
				"seconds":	1.0001389980316162,
				"bytes":	51307576,
				"bits_per_second":	410403562.71261466,
				"packets":	38062,
				"omitted":	false,
				"sender":	true
			}
		}, {
			"streams":	[{
					"socket":	5,
					"start":	12.000261,
					"end":	13.000185,
					"seconds":	0.99992400407791138,
					"bytes":	50688844,
					"bits_per_second":	405541571.50567186,
					"packets":	37603,
					"omitted":	false,
					"sender":	true
				}],
			"sum":	{
				"start":	12.000261,
				"end":	13.000185,
				"seconds":	0.99992400407791138,
				"bytes":	50688844,
				"bits_per_second":	405541571.50567186,
				"packets":	37603,
				"omitted":	false,
				"sender":	true
			}
		}, {
			"streams":	[{
					"socket":	5,
					"start":	13.000185,
					"end":	14.000697,
					"seconds":	1.0005120038986206,
					"bytes":	54533340,
					"bits_per_second":	436043464.04644018,
					"packets":	40455,
					"omitted":	false,
					"sender":	true
				}],
			"sum":	{
				"start":	13.000185,
				"end":	14.000697,
				"seconds":	1.0005120038986206,
				"bytes":	54533340,
				"bits_per_second":	436043464.04644018,
				"packets":	40455,
				"omitted":	false,
				"sender":	true
			}
		}, {
			"streams":	[{
					"socket":	5,
					"start":	14.000697,
					"end":	15.000758,
					"seconds":	1.00006103515625,
					"bytes":	54483464,
					"bits_per_second":	435841110.36972839,
					"packets":	40418,
					"omitted":	false,
					"sender":	true
				}],
			"sum":	{
				"start":	14.000697,
				"end":	15.000758,