{
	"start":	{
		"connected":	[{
				"socket":	5,
				"local_host":	"10.1.2.37",
				"local_port":	60500,
				"remote_host":	"10.0.10.126",
				"remote_port":	5201
			}],
		"version":	"iperf 3.7",
		"system_info":	"Linux perf-vm2-sc2 5.4.0-148-generic #165-Ubuntu SMP Tue Apr 18 08:53:12 UTC 2023 x86_64",
		"timestamp":	{
			"time":	"Sat, 28 Feb 2026 22:35:33 GMT",
			"timesecs":	1772318133
		},
		"connecting_to":	{
			"host":	"10.0.10.126",
			"port":	5201
		},
		"cookie":	"ew6mfo2gneem6zmyw7sfe5uiocwe2irxzz3f",
		"tcp_mss_default":	1348,
		"sock_bufsize":	0,
		"sndbuf_actual":	16384,
		"rcvbuf_actual":	131072,
		"test_start":	{
			"protocol":	"TCP",
			"num_streams":	1,
			"blksize":	131072,
			"omit":	0,
			"duration":	30,
			"bytes":	0,
			"blocks":	0,
			"reverse":	0,
			"tos":	0
		}
	},
	"intervals":	[{
			"streams":	[{
					"socket":	5,
					"start":	0,
					"end":	1.000551,
					"seconds":	1.0005509853363037,
					"bytes":	978703932,
					"bits_per_second":	7825319819.5275536,
					"retransmits":	0,
					"snd_cwnd":	1895288,
					"rtt":	1843,
					"rttvar":	306,
					"pmtu":	1400,
					"omitted":	false,
					"sender":	true
				}],
			"sum":	{
				"start":	0,
				"end":	1.000551,
				"seconds":	1.0005509853363037,
				"bytes":	978703932,
				"bits_per_second":	7825319819.5275536,
				"retransmits":	0,
				"omitted":	false,
				"sender":	true
			}
		}, {
			"streams":	[{
					"socket":	5,
					"start":	1.000551,
					"end":	2.00057,
					"seconds":	1.0000189542770386,
					"bytes":	876476800,
					"bits_per_second":	7011681498.646368,
					"retransmits":	0,
					"snd_cwnd":	1895288,
					"rtt":	1707,
					"rttvar":	415,
					"pmtu":	1400,
					"omitted":	false,
					"sender":	true
				}],
			"sum":	{
				"start":	1.000551,
				"end":	2.00057,
				"seconds":	1.0000189542770386,
				"bytes":	876476800,
				"bits_per_second":	7011681498.646368,
				"retransmits":	0,
				"omitted":	false,
				"sender":	true
			}
		}, {
			"streams":	[{
					"socket":	5,
					"start":	2.00057,
					"end":	3.000236,
					"seconds":	0.99966597557067871,
					"bytes":	830504828,
					"bits_per_second":	6646258636.7482615,
					"retransmits":	0,
					"snd_cwnd":	1895288,
					"rtt":	1625,
					"rttvar":	155,
					"pmtu":	1400,
					"omitted":	false,
					"sender":	true
				}],
			"sum":	{
				"start":	2.00057,
				"end":	3.000236,
				"seconds":	0.99966597557067871,
				"bytes":	830504828,
				"bits_per_second":	6646258636.7482615,
				"retransmits":	0,
				"omitted":	false,
				"sender":	true
			}
		}, {
			"streams":	[{
					"socket":	5,
					"start":	3.000236,
					"end":	4.001257,
					"seconds":	1.0010210275650024,
					"bytes":	848712524,
					"bits_per_second":	6782774791.9701948,
					"retransmits":	0,
					"snd_cwnd":	1895288,
					"rtt":	1791,
					"rttvar":	104,
					"pmtu":	1400,
					"omitted":	false,
					"sender":	true
				}],
			"sum":	{
				"start":	3.000236,
				"end":	4.001257,
				"seconds":	1.0010210275650024,
				"bytes":	848712524,
				"bits_per_second":	6782774791.9701948,
				"retransmits":	0,
				"omitted":	false,
				"sender":	true
			}
		}, {
			"streams":	[{
					"socket":	5,
					"start":	4.001257,
					"end":	5.00078,
					"seconds":	0.99952298402786255,
					"bytes":	733128048,
					"bits_per_second":	5867823429.4975529,
					"retransmits":	0,
					"snd_cwnd":	1895288,
					"rtt":	1818,
					"rttvar":	337,
					"pmtu":	1400,
					"omitted":	false,
					"sender":	true
				}],
			"sum":	{
				"start":	4.001257,
				"end":	5.00078,
				"seconds":	0.99952298402786255,
				"bytes":	733128048,
				"bits_per_second":	5867823429.4975529,
				"retransmits":	0,
				"omitted":	false,
				"sender":	true
			}
		}, {
			"streams":	[{
					"socket":	5,
					"start":	5.00078,
					"end":	6.000667,
					"seconds":	0.99988698959350586,
					"bytes":	817920628,
					"bits_per_second":	6544104575.9182644,
					"retransmits":	0,
					"snd_cwnd":	1895288,
					"rtt":	1645,
					"rttvar":	231,
					"pmtu":	1400,
					"omitted":	false,
					"sender":	true
				}],
			"sum":	{
				"start":	5.00078,
				"end":	6.000667,
				"seconds":	0.99988698959350586,
				"bytes":	817920628,
				"bits_per_second":	6544104575.9182644,
				"retransmits":	0,
				"omitted":	false,
				"sender":	true
			}
		}, {
			"streams":	[{
					"socket":	5,
					"start":	6.000667,
					"end":	7.001301,
					"seconds":	1.0006339550018311,
					"bytes":	707679860,
					"bits_per_second":	5657852056.3892317,
					"retransmits":	0,
					"snd_cwnd":	1895288,
					"rtt":	3342,
					"rttvar":	381,
					"pmtu":	1400,
					"omitted":	false,
					"sender":	true
				}],
			"sum":	{
				"start":	6.000667,
				"end":	7.001301,
				"seconds":	1.0006339550018311,
				"bytes":	707679860,
				"bits_per_second":	5657852056.3892317,
				"retransmits":	0,
				"omitted":	false,
				"sender":	true
			}
		}, {
			"streams":	[{
					"socket":	5,
					"start":	7.001301,
					"end":	8.002155,
					"seconds":	1.0008540153503418,
					"bytes":	400494292,
					"bits_per_second":	3201220444.6004834,
					"retransmits":	0,
					"snd_cwnd":	1895288,
					"rtt":	2923,
					"rttvar":	553,
					"pmtu":	1400,
					"omitted":	false,
					"sender":	true
				}],
			"sum":	{
				"start":	7.001301,
				"end":	8.002155,
				"seconds":	1.0008540153503418,
				"bytes":	400494292,
				"bits_per_second":	3201220444.6004834,
				"retransmits":	0,
				"omitted":	false,
				"sender":	true
			}
		}, {
			"streams":	[{
					"socket":	5,
					"start":	8.002155,
					"end":	9.000313,
					"seconds":	0.99815797805786133,
					"bytes":	596464800,
					"bits_per_second":	4780524230.5275574,
					"retransmits":	0,
					"snd_cwnd":	1895288,
					"rtt":	1933,
					"rttvar":	328,
					"pmtu":	1400,
					"omitted":	false,
					"sender":	true
				}],
			"sum":	{
				"start":	8.002155,
				"end":	9.000313,
				"seconds":	0.99815797805786133,
				"bytes":	596464800,
				"bits_per_second":	4780524230.5275574,
				"retransmits":	0,
				"omitted":	false,
				"sender":	true
			}
		}, {
			"streams":	[{
					"socket":	5,
					"start":	9.000313,
					"end":	10.001259,
					"seconds":	1.000946044921875,
					"bytes":	456948744,
					"bits_per_second":	3652134868.3537912,
					"retransmits":	0,
					"snd_cwnd":	1895288,
					"rtt":	2674,
					"rttvar":	401,
					"pmtu":	1400,
					"omitted":	false,
					"sender":	true
				}],
			"sum":	{
				"start":	9.000313,
				"end":	10.001259,
				"seconds":	1.000946044921875,
				"bytes":	456948744,
				"bits_per_second":	3652134868.3537912,
				"retransmits":	0,
				"omitted":	false,
				"sender":	true
			}
		}, {
			"streams":	[{
					"socket":	5,
					"start":	10.001259,
					"end":	11.000314,
					"seconds":	0.999055027961731,
					"bytes":	492263192,
					"bits_per_second":	3941830455.5601015,
					"retransmits":	0,
					"snd_cwnd":	1895288,
					"rtt":	2374,
					"rttvar":	342,
					"pmtu":	1400,
					"omitted":	false,
					"sender":	true
				}],
			"sum":	{
				"start":	10.001259,
				"end":	11.000314,
				"seconds":	0.999055027961731,
				"bytes":	492263192,
				"bits_per_second":	3941830455.5601015,
				"retransmits":	0,
				"omitted":	false,
				"sender":	true
			}
		}, {
			"streams":	[{
					"socket":	5,
					"start":	11.000314,
					"end":	12.002054,
					"seconds":	1.0017399787902832,
					"bytes":	371451076,
					"bits_per_second":	2966447053.0452032,
					"retransmits":	0,
					"snd_cwnd":	1895288,
					"rtt":	3651,
					"rttvar":	623,
					"pmtu":	1400,
					"omitted":	false,
					"sender":	true
				}],
			"sum":	{
				"start":	11.000314,
				"end":	12.002054,
				"seconds":	1.0017399787902832,
				"bytes":	371451076,
				"bits_per_second":	2966447053.0452032,
				"retransmits":	0,
				"omitted":	false,
				"sender":	true
			}
		}, {
			"streams":	[{
					"socket":	5,
					"start":	12.002054,
					"end":	13.001278,
					"seconds":	0.99922400712966919,
					"bytes":	481603424,
					"bits_per_second":	3855819480.4260931,
					"retransmits":	0,
					"snd_cwnd":	1895288,
					"rtt":	2700,
					"rttvar":	496,