{
	"start":	{
		"connected":	[{
				"socket":	5,
				"local_host":	"10.1.2.21",
				"local_port":	42560,
				"remote_host":	"10.0.10.160",
				"remote_port":	5201
			}],
		"version":	"iperf 3.7",
		"system_info":	"Linux perf-vm2-sc4 5.4.0-148-generic #165-Ubuntu SMP Tue Apr 18 08:53:12 UTC 2023 x86_64",
		"timestamp":	{
			"time":	"Sat, 28 Feb 2026 22:46:49 GMT",
			"timesecs":	1772318809
		},
		"connecting_to":	{
			"host":	"10.0.10.160",
			"port":	5201
		},
		"cookie":	"je4m67nygcgyodcdvd2rrcp63bbe55vv6u3b",
		"tcp_mss_default":	1348,
		"sock_bufsize":	0,
		"sndbuf_actual":	16384,
		"rcvbuf_actual":	131072,
		"test_start":	{
			"protocol":	"TCP",
			"num_streams":	1,
			"blksize":	131072,
			"omit":	0,
			"duration":	30,
			"bytes":	0,
			"blocks":	0,
			"reverse":	0,
			"tos":	0
		}
	},
	"intervals":	[{
			"streams":	[{
					"socket":	5,
					"start":	0,
					"end":	1.001823,
					"seconds":	1.0018229484558105,
					"bytes":	554097664,
					"bits_per_second":	4424715284.1054382,
					"retransmits":	0,
					"snd_cwnd":	1840020,
					"rtt":	3690,
					"rttvar":	1150,
					"pmtu":	1400,
					"omitted":	false,
					"sender":	true
				}],
			"sum":	{
				"start":	0,
				"end":	1.001823,
				"seconds":	1.0018229484558105,
				"bytes":	554097664,
				"bits_per_second":	4424715284.1054382,
				"retransmits":	0,
				"omitted":	false,
				"sender":	true
			}
		}, {
			"streams":	[{
					"socket":	5,
					"start":	1.001823,
					"end":	2.000813,
					"seconds":	0.998989999294281,
					"bytes":	563890980,
					"bits_per_second":	4515688688.7624569,
					"retransmits":	0,
					"snd_cwnd":	1840020,
					"rtt":	2238,
					"rttvar":	416,
					"pmtu":	1400,
					"omitted":	false,
					"sender":	true
				}],
			"sum":	{
				"start":	1.001823,
				"end":	2.000813,
				"seconds":	0.998989999294281,
				"bytes":	563890980,
				"bits_per_second":	4515688688.7624569,
				"retransmits":	0,
				"omitted":	false,
				"sender":	true
			}
		}, {
			"streams":	[{
					"socket":	5,
					"start":	2.000813,
					"end":	3.000467,
					"seconds":	0.99965399503707886,
					"bytes":	401691976,
					"bits_per_second":	3214648092.193944,
					"retransmits":	0,
					"snd_cwnd":	1840020,
					"rtt":	2730,
					"rttvar":	707,
					"pmtu":	1400,
					"omitted":	false,
					"sender":	true
				}],
			"sum":	{
				"start":	2.000813,
				"end":	3.000467,
				"seconds":	0.99965399503707886,
				"bytes":	401691976,
				"bits_per_second":	3214648092.193944,
				"retransmits":	0,
				"omitted":	false,
				"sender":	true
			}
		}, {
			"streams":	[{
					"socket":	5,
					"start":	3.000467,
					"end":	4.002582,
					"seconds":	1.00211501121521,
					"bytes":	452692800,
					"bits_per_second":	3613898963.1622763,
					"retransmits":	0,
					"snd_cwnd":	1840020,
					"rtt":	3915,
					"rttvar":	340,
					"pmtu":	1400,
					"omitted":	false,
					"sender":	true
				}],
			"sum":	{
				"start":	3.000467,
				"end":	4.002582,
				"seconds":	1.00211501121521,
				"bytes":	452692800,
				"bits_per_second":	3613898963.1622763,
				"retransmits":	0,
				"omitted":	false,
				"sender":	true
			}
		}, {
			"streams":	[{
					"socket":	5,
					"start":	4.002582,
					"end":	5.000516,
					"seconds":	0.99793398380279541,
					"bytes":	329825800,
					"bits_per_second":	2644069089.5655704,
					"retransmits":	0,
					"snd_cwnd":	1840020,
					"rtt":	3191,
					"rttvar":	823,
					"pmtu":	1400,
					"omitted":	false,
					"sender":	true
				}],
			"sum":	{
				"start":	4.002582,
				"end":	5.000516,
				"seconds":	0.99793398380279541,
				"bytes":	329825800,
				"bits_per_second":	2644069089.5655704,
				"retransmits":	0,
				"omitted":	false,
				"sender":	true
			}
		}, {
			"streams":	[{
					"socket":	5,
					"start":	5.000516,
					"end":	6.001104,
					"seconds":	1.000588059425354,
					"bytes":	546426188,
					"bits_per_second":	4368840366.2447624,
					"retransmits":	0,
					"snd_cwnd":	1840020,
					"rtt":	2512,
					"rttvar":	355,
					"pmtu":	1400,
					"omitted":	false,
					"sender":	true
				}],
			"sum":	{
				"start":	5.000516,
				"end":	6.001104,
				"seconds":	1.000588059425354,
				"bytes":	546426188,
				"bits_per_second":	4368840366.2447624,
				"retransmits":	0,
				"omitted":	false,
				"sender":	true
			}
		}, {
			"streams":	[{
					"socket":	5,
					"start":	6.001104,
					"end":	7.001078,
					"seconds":	0.99997401237487793,
					"bytes":	657161824,
					"bits_per_second":	5257431220.1516542,
					"retransmits":	0,
					"snd_cwnd":	1840020,
					"rtt":	2000,
					"rttvar":	206,
					"pmtu":	1400,
					"omitted":	false,
					"sender":	true
				}],
			"sum":	{
				"start":	6.001104,
				"end":	7.001078,
				"seconds":	0.99997401237487793,
				"bytes":	657161824,
				"bits_per_second":	5257431220.1516542,
				"retransmits":	0,
				"omitted":	false,
				"sender":	true
			}
		}, {
			"streams":	[{
					"socket":	5,
					"start":	7.001078,
					"end":	8.000158,
					"seconds":	0.99908000230789185,
					"bytes":	659454648,
					"bits_per_second":	5280495227.4224167,
					"retransmits":	0,
					"snd_cwnd":	1840020,
					"rtt":	1884,
					"rttvar":	309,
					"pmtu":	1400,
					"omitted":	false,
					"sender":	true
				}],
			"sum":	{
				"start":	7.001078,
				"end":	8.000158,
				"seconds":	0.99908000230789185,
				"bytes":	659454648,
				"bits_per_second":	5280495227.4224167,
				"retransmits":	0,
				"omitted":	false,
				"sender":	true
			}
		}, {
			"streams":	[{
					"socket":	5,
					"start":	8.000158,
					"end":	9.000324,
					"seconds":	1.0001660585403442,
					"bytes":	595435768,
					"bits_per_second":	4762695257.77739,
					"retransmits":	0,
					"snd_cwnd":	1840020,
					"rtt":	2030,
					"rttvar":	203,
					"pmtu":	1400,
					"omitted":	false,
					"sender":	true
				}],
			"sum":	{
				"start":	8.000158,
				"end":	9.000324,
				"seconds":	1.0001660585403442,
				"bytes":	595435768,
				"bits_per_second":	4762695257.77739,
				"retransmits":	0,
				"omitted":	false,
				"sender":	true
			}
		}, {
			"streams":	[{
					"socket":	5,
					"start":	9.000324,
					"end":	10.001022,
					"seconds":	1.0006979703903198,
					"bytes":	659060940,
					"bits_per_second":	5268810046.5952568,
					"retransmits":	0,
					"snd_cwnd":	1840020,
					"rtt":	2269,
					"rttvar":	573,
					"pmtu":	1400,
					"omitted":	false,
					"sender":	true
				}],
			"sum":	{
				"start":	9.000324,
				"end":	10.001022,
				"seconds":	1.0006979703903198,
				"bytes":	659060940,
				"bits_per_second":	5268810046.5952568,
				"retransmits":	0,
				"omitted":	false,
				"sender":	true
			}
		}, {
			"streams":	[{
					"socket":	5,
					"start":	10.001022,
					"end":	11.000729,
					"seconds":	0.99970698356628418,
					"bytes":	623187784,
					"bits_per_second":	4986963534.2698822,
					"retransmits":	0,
					"snd_cwnd":	1840020,
					"rtt":	3328,
					"rttvar":	417,
					"pmtu":	1400,
					"omitted":	false,
					"sender":	true
				}],
			"sum":	{
				"start":	10.001022,
				"end":	11.000729,
				"seconds":	0.99970698356628418,
				"bytes":	623187784,
				"bits_per_second":	4986963534.2698822,
				"retransmits":	0,
				"omitted":	false,
				"sender":	true
			}
		}, {
			"streams":	[{
					"socket":	5,
					"start":	11.000729,
					"end":	12.0008,
					"seconds":	1.0000710487365723,
					"bytes":	593213080,
					"bits_per_second":	4745367487.6354322,
					"retransmits":	0,
					"snd_cwnd":	1840020,
					"rtt":	4028,
					"rttvar":	1081,
					"pmtu":	1400,
					"omitted":	false,
					"sender":	true
				}],
			"sum":	{
				"start":	11.000729,
				"end":	12.0008,
				"seconds":	1.0000710487365723,
				"bytes":	593213080,
				"bits_per_second":	4745367487.6354322,
				"retransmits":	0,
				"omitted":	false,
				"sender":	true
			}
		}, {
			"streams":	[{
					"socket":	5,
					"start":	12.0008,
					"end":	13.000334,
					"seconds":	0.999534010887146,
					"bytes":	613883392,
					"bits_per_second":	4913356706.7329054,
					"retransmits":	0,
					"snd_cwnd":	1840020,
					"rtt":	2106,
					"rttvar":	336,