{
	"start":	{
		"connected":	[{
				"socket":	5,
				"local_host":	"10.1.2.21",
				"local_port":	41574,
				"remote_host":	"10.0.10.160",
				"remote_port":	5201
			}],
		"version":	"iperf 3.7",
		"system_info":	"Linux perf-vm2-sc4 5.4.0-148-generic #165-Ubuntu SMP Tue Apr 18 08:53:12 UTC 2023 x86_64",
		"timestamp":	{
			"time":	"Sat, 28 Feb 2026 22:47:20 GMT",
			"timesecs":	1772318840
		},
		"connecting_to":	{
			"host":	"10.0.10.160",
			"port":	5201
		},
		"cookie":	"ltjqinwyynlip54onf4r2lpju3jcg3hp6cqk",
		"sock_bufsize":	0,
		"sndbuf_actual":	212992,
		"rcvbuf_actual":	212992,
		"test_start":	{
			"protocol":	"UDP",
			"num_streams":	1,
			"blksize":	1348,
			"omit":	0,
			"duration":	30,
			"bytes":	0,
			"blocks":	0,
			"reverse":	0,
			"tos":	0
		}
	},
	"intervals":	[{
			"streams":	[{
					"socket":	5,
					"start":	0,
					"end":	1.000625,
					"seconds":	1.0006250143051147,
					"bytes":	51393848,
					"bits_per_second":	410893969.39124507,
					"packets":	38126,
					"omitted":	false,
					"sender":	true
				}],
			"sum":	{
				"start":	0,
				"end":	1.000625,
				"seconds":	1.0006250143051147,
				"bytes":	51393848,
				"bits_per_second":	410893969.39124507,
				"packets":	38126,
				"omitted":	false,
				"sender":	true
			}
		}, {
			"streams":	[{
					"socket":	5,
					"start":	1.000625,
					"end":	2.000452,
					"seconds":	0.99982702732086182,
					"bytes":	57205076,
					"bits_per_second":	457719781.01681703,
					"packets":	42437,
					"omitted":	false,
					"sender":	true
				}],
			"sum":	{
				"start":	1.000625,
				"end":	2.000452,
				"seconds":	0.99982702732086182,
				"bytes":	57205076,
				"bits_per_second":	457719781.01681703,
				"packets":	42437,
				"omitted":	false,
				"sender":	true
			}
		}, {
			"streams":	[{
					"socket":	5,
					"start":	2.000452,
					"end":	3.000262,
					"seconds":	0.999809980392456,
					"bytes":	54823160,
					"bits_per_second":	438668635.64198655,
					"packets":	40670,
					"omitted":	false,
					"sender":	true
				}],
			"sum":	{
				"start":	2.000452,
				"end":	3.000262,
				"seconds":	0.999809980392456,
				"bytes":	54823160,
				"bits_per_second":	438668635.64198655,
				"packets":	40670,
				"omitted":	false,
				"sender":	true
			}
		}, {
			"streams":	[{
					"socket":	5,
					"start":	3.000262,
					"end":	4.000387,
					"seconds":	1.0001250505447388,
					"bytes":	54058844,
					"bits_per_second":	432416678.05885464,
					"packets":	40103,
					"omitted":	false,
					"sender":	true
				}],
			"sum":	{
				"start":	3.000262,
				"end":	4.000387,
				"seconds":	1.0001250505447388,
				"bytes":	54058844,
				"bits_per_second":	432416678.05885464,
				"packets":	40103,
				"omitted":	false,
				"sender":	true
			}
		}, {
			"streams":	[{
					"socket":	5,
					"start":	4.000387,
					"end":	5.001023,
					"seconds":	1.0006359815597534,
					"bytes":	47766380,
					"bits_per_second":	381888166.16842884,
					"packets":	35435,
					"omitted":	false,
					"sender":	true
				}],
			"sum":	{
				"start":	4.000387,
				"end":	5.001023,
				"seconds":	1.0006359815597534,
				"bytes":	47766380,
				"bits_per_second":	381888166.16842884,
				"packets":	35435,
				"omitted":	false,
				"sender":	true
			}
		}, {
			"streams":	[{
					"socket":	5,
					"start":	5.001023,
					"end":	6.000641,
					"seconds":	0.99961799383163452,
					"bytes":	48490256,
					"bits_per_second":	388070293.24577928,
					"packets":	35972,
					"omitted":	false,
					"sender":	true
				}],
			"sum":	{
				"start":	5.001023,
				"end":	6.000641,
				"seconds":	0.99961799383163452,
				"bytes":	48490256,
				"bits_per_second":	388070293.24577928,
				"packets":	35972,
				"omitted":	false,
				"sender":	true
			}
		}, {
			"streams":	[{
					"socket":	5,
					"start":	6.000641,
					"end":	7.000712,
					"seconds":	1.0000710487365723,
					"bytes":	55999964,
					"bits_per_second":	447967884.447785,
					"packets":	41543,
					"omitted":	false,
					"sender":	true
				}],
			"sum":	{
				"start":	6.000641,
				"end":	7.000712,
				"seconds":	1.0000710487365723,
				"bytes":	55999964,
				"bits_per_second":	447967884.447785,
				"packets":	41543,
				"omitted":	false,
				"sender":	true
			}
		}, {
			"streams":	[{
					"socket":	5,
					"start":	7.000712,
					"end":	8.000894,
					"seconds":	1.000182032585144,
					"bytes":	54821812,
					"bits_per_second":	438494675.68061393,
					"packets":	40669,
					"omitted":	false,
					"sender":	true
				}],
			"sum":	{
				"start":	7.000712,
				"end":	8.000894,
				"seconds":	1.000182032585144,
				"bytes":	54821812,
				"bits_per_second":	438494675.68061393,
				"packets":	40669,
				"omitted":	false,
				"sender":	true
			}
		}, {
			"streams":	[{
					"socket":	5,
					"start":	8.000894,
					"end":	9.000155,
					"seconds":	0.99926102161407471,
					"bytes":	52941352,
					"bits_per_second":	423844027.57538176,
					"packets":	39274,
					"omitted":	false,
					"sender":	true
				}],
			"sum":	{
				"start":	8.000894,
				"end":	9.000155,
				"seconds":	0.99926102161407471,
				"bytes":	52941352,
				"bits_per_second":	423844027.57538176,
				"packets":	39274,
				"omitted":	false,
				"sender":	true
			}
		}, {
			"streams":	[{
					"socket":	5,
					"start":	9.000155,
					"end":	10.000759,
					"seconds":	1.0006040334701538,
					"bytes":	52992576,
					"bits_per_second":	423684688.26749474,
					"packets":	39312,
					"omitted":	false,
					"sender":	true
				}],
			"sum":	{
				"start":	9.000155,
				"end":	10.000759,
				"seconds":	1.0006040334701538,
				"bytes":	52992576,
				"bits_per_second":	423684688.26749474,
				"packets":	39312,
				"omitted":	false,
				"sender":	true
			}
		}, {
			"streams":	[{
					"socket":	5,
					"start":	10.000759,
					"end":	11.000407,
					"seconds":	0.99964797496795654,
					"bytes":	49570004,
					"bits_per_second":	396699680.21764022,
					"packets":	36773,
					"omitted":	false,
					"sender":	true
				}],
			"sum":	{
				"start":	10.000759,
				"end":	11.000407,
				"seconds":	0.99964797496795654,
				"bytes":	49570004,
				"bits_per_second":	396699680.21764022,
				"packets":	36773,
				"omitted":	false,
				"sender":	true
			}
		}, {
			"streams":	[{
					"socket":	5,
					"start":	11.000407,
					"end":	12.000546,
					"seconds":	1.0001389980316162,
					"bytes":	56645656,
					"bits_per_second":	453102267.6766721,
					"packets":	42022,
					"omitted":	false,
					"sender":	true
				}],
			"sum":	{
				"start":	11.000407,
				"end":	12.000546,
				"seconds":	1.0001389980316162,
				"bytes":	56645656,
				"bits_per_second":	453102267.6766721,
				"packets":	42022,
				"omitted":	false,
				"sender":	true
			}
		}, {
			"streams":	[{
					"socket":	5,
					"start":	12.000546,
					"end":	13.000645,
					"seconds":	1.0000989437103271,
					"bytes":	56323484,
					"bits_per_second":	450543293.57487071,
					"packets":	41783,
					"omitted":	false,
					"sender":	true
				}],
			"sum":	{
				"start":	12.000546,
				"end":	13.000645,
				"seconds":	1.0000989437103271,
				"bytes":	56323484,
				"bits_per_second":	450543293.57487071,
				"packets":	41783,
				"omitted":	false,
				"sender":	true
			}
		}, {
			"streams":	[{
					"socket":	5,
					"start":	13.000645,
					"end":	14.000148,
					"seconds":	0.99950301647186279,
					"bytes":	53929436,
					"bits_per_second":	431650010.94536006,
					"packets":	40007,
					"omitted":	false,
					"sender":	true
				}],
			"sum":	{
				"start":	13.000645,
				"end":	14.000148,
				"seconds":	0.99950301647186279,
				"bytes":	53929436,
				"bits_per_second":	431650010.94536006,
				"packets":	40007,
				"omitted":	false,
				"sender":	true
			}
		}, {
			"streams":	[{
					"socket":	5,
					"start":	14.000148,
					"end":	15.002511,
					"seconds":	1.0023629665374756,
					"bytes":	48204480,
					"bits_per_second":	384726743.57885122,
					"packets":	35760,
					"omitted":	false,
					"sender":	true
				}],
			"sum":	{
				"start":	14.000148,
				"end":	15.002511,