{
	"start":	{
		"connected":	[{
				"socket":	5,
				"local_host":	"10.1.1.28",
				"local_port":	45832,
				"remote_host":	"10.0.10.133",
				"remote_port":	5201
			}],
		"version":	"iperf 3.7",
		"system_info":	"Linux perf-vm2-sc3 5.4.0-148-generic #165-Ubuntu SMP Tue Apr 18 08:53:12 UTC 2023 x86_64",
		"timestamp":	{
			"time":	"Sat, 28 Feb 2026 22:41:37 GMT",
			"timesecs":	1772318497
		},
		"connecting_to":	{
			"host":	"10.0.10.133",
			"port":	5201
		},
		"cookie":	"ejehdu2q7yidozvuh47te576fneimpk4fphh",
		"sock_bufsize":	0,
		"sndbuf_actual":	212992,
		"rcvbuf_actual":	212992,
		"test_start":	{
			"protocol":	"UDP",
			"num_streams":	1,
			"blksize":	1348,
			"omit":	0,
			"duration":	30,
			"bytes":	0,
			"blocks":	0,
			"reverse":	0,
			"tos":	0
		}
	},
	"intervals":	[{
			"streams":	[{
					"socket":	5,
					"start":	0,
					"end":	1.000003,
					"seconds":	1.0000029802322388,
					"bytes":	55018620,
					"bits_per_second":	440147648.25778884,
					"packets":	40815,
					"omitted":	false,
					"sender":	true
				}],
			"sum":	{
				"start":	0,
				"end":	1.000003,
				"seconds":	1.0000029802322388,
				"bytes":	55018620,
				"bits_per_second":	440147648.25778884,
				"packets":	40815,
				"omitted":	false,
				"sender":	true
			}
		}, {
			"streams":	[{
					"socket":	5,
					"start":	1.000003,
					"end":	2.000187,
					"seconds":	1.0001840591430664,
					"bytes":	51822512,
					"bits_per_second":	414503802.78526157,
					"packets":	38444,
					"omitted":	false,
					"sender":	true
				}],
			"sum":	{
				"start":	1.000003,
				"end":	2.000187,
				"seconds":	1.0001840591430664,
				"bytes":	51822512,
				"bits_per_second":	414503802.78526157,
				"packets":	38444,
				"omitted":	false,
				"sender":	true
			}
		}, {
			"streams":	[{
					"socket":	5,
					"start":	2.000187,
					"end":	3.000529,
					"seconds":	1.0003420114517212,
					"bytes":	40020772,
					"bits_per_second":	320056712.93897462,
					"packets":	29689,
					"omitted":	false,
					"sender":	true
				}],
			"sum":	{
				"start":	2.000187,
				"end":	3.000529,
				"seconds":	1.0003420114517212,
				"bytes":	40020772,
				"bits_per_second":	320056712.93897462,
				"packets":	29689,
				"omitted":	false,
				"sender":	true
			}
		}, {
			"streams":	[{
					"socket":	5,
					"start":	3.000529,
					"end":	4.000244,
					"seconds":	0.99971497058868408,
					"bytes":	49424420,
					"bits_per_second":	395508091.4384734,
					"packets":	36665,
					"omitted":	false,
					"sender":	true
				}],
			"sum":	{
				"start":	3.000529,
				"end":	4.000244,
				"seconds":	0.99971497058868408,
				"bytes":	49424420,
				"bits_per_second":	395508091.4384734,
				"packets":	36665,
				"omitted":	false,
				"sender":	true
			}
		}, {
			"streams":	[{
					"socket":	5,
					"start":	4.000244,
					"end":	5.000332,
					"seconds":	1.0000879764556885,
					"bytes":	22182688,
					"bits_per_second":	177445892.93926272,
					"packets":	16456,
					"omitted":	false,
					"sender":	true
				}],
			"sum":	{
				"start":	4.000244,
				"end":	5.000332,
				"seconds":	1.0000879764556885,
				"bytes":	22182688,
				"bits_per_second":	177445892.93926272,
				"packets":	16456,
				"omitted":	false,
				"sender":	true
			}
		}, {
			"streams":	[{
					"socket":	5,
					"start":	5.000332,
					"end":	6.001514,
					"seconds":	1.001181960105896,
					"bytes":	6215628,
					"bits_per_second":	49666320.390691556,
					"packets":	4611,
					"omitted":	false,
					"sender":	true
				}],
			"sum":	{
				"start":	5.000332,
				"end":	6.001514,
				"seconds":	1.001181960105896,
				"bytes":	6215628,
				"bits_per_second":	49666320.390691556,
				"packets":	4611,
				"omitted":	false,
				"sender":	true
			}
		}, {
			"streams":	[{
					"socket":	5,
					"start":	6.001514,
					"end":	7.001091,
					"seconds":	0.999576985836029,
					"bytes":	7773916,
					"bits_per_second":	62217646.945907064,
					"packets":	5767,
					"omitted":	false,
					"sender":	true
				}],
			"sum":	{
				"start":	6.001514,
				"end":	7.001091,
				"seconds":	0.999576985836029,
				"bytes":	7773916,
				"bits_per_second":	62217646.945907064,
				"packets":	5767,
				"omitted":	false,
				"sender":	true
			}
		}, {
			"streams":	[{
					"socket":	5,
					"start":	7.001091,
					"end":	8.000782,
					"seconds":	0.99969100952148438,
					"bytes":	8722908,
					"bits_per_second":	69804833.028760254,
					"packets":	6471,
					"omitted":	false,
					"sender":	true
				}],
			"sum":	{
				"start":	7.001091,
				"end":	8.000782,
				"seconds":	0.99969100952148438,
				"bytes":	8722908,
				"bits_per_second":	69804833.028760254,
				"packets":	6471,
				"omitted":	false,
				"sender":	true
			}
		}, {
			"streams":	[{
					"socket":	5,
					"start":	8.000782,
					"end":	9.000676,
					"seconds":	0.99989402294158936,
					"bytes":	17935140,
					"bits_per_second":	143496327.31866196,
					"packets":	13305,
					"omitted":	false,
					"sender":	true
				}],
			"sum":	{
				"start":	8.000782,
				"end":	9.000676,
				"seconds":	0.99989402294158936,
				"bytes":	17935140,
				"bits_per_second":	143496327.31866196,
				"packets":	13305,
				"omitted":	false,
				"sender":	true
			}
		}, {
			"streams":	[{
					"socket":	5,
					"start":	9.000676,
					"end":	10.000003,
					"seconds":	0.99932700395584106,
					"bytes":	26946520,
					"bits_per_second":	215717336.91439989,
					"packets":	19990,
					"omitted":	false,
					"sender":	true
				}],
			"sum":	{
				"start":	9.000676,
				"end":	10.000003,
				"seconds":	0.99932700395584106,
				"bytes":	26946520,
				"bits_per_second":	215717336.91439989,
				"packets":	19990,
				"omitted":	false,
				"sender":	true
			}
		}, {
			"streams":	[{
					"socket":	5,
					"start":	10.000003,
					"end":	11.000265,
					"seconds":	1.0002620220184326,
					"bytes":	25169856,
					"bits_per_second":	201306101.3689965,
					"packets":	18672,
					"omitted":	false,
					"sender":	true
				}],
			"sum":	{
				"start":	10.000003,
				"end":	11.000265,
				"seconds":	1.0002620220184326,
				"bytes":	25169856,
				"bits_per_second":	201306101.3689965,
				"packets":	18672,
				"omitted":	false,
				"sender":	true
			}
		}, {
			"streams":	[{
					"socket":	5,
					"start":	11.000265,
					"end":	12.002595,
					"seconds":	1.00232994556427,
					"bytes":	25520336,
					"bits_per_second":	203688105.80139348,
					"packets":	18932,
					"omitted":	false,
					"sender":	true
				}],
			"sum":	{
				"start":	11.000265,
				"end":	12.002595,
				"seconds":	1.00232994556427,
				"bytes":	25520336,
				"bits_per_second":	203688105.80139348,
				"packets":	18932,
				"omitted":	false,
				"sender":	true
			}
		}, {
			"streams":	[{
					"socket":	5,
					"start":	12.002595,
					"end":	13.000034,
					"seconds":	0.99743902683258057,
					"bytes":	30365048,
					"bits_per_second":	243544093.88953456,
					"packets":	22526,
					"omitted":	false,
					"sender":	true
				}],
			"sum":	{
				"start":	12.002595,
				"end":	13.000034,
				"seconds":	0.99743902683258057,
				"bytes":	30365048,
				"bits_per_second":	243544093.88953456,
				"packets":	22526,
				"omitted":	false,
				"sender":	true
			}
		}, {
			"streams":	[{
					"socket":	5,
					"start":	13.000034,
					"end":	14.000192,
					"seconds":	1.0001579523086548,
					"bytes":	32862892,
					"bits_per_second":	262861616.40083277,
					"packets":	24379,
					"omitted":	false,
					"sender":	true
				}],
			"sum":	{
				"start":	13.000034,
				"end":	14.000192,
				"seconds":	1.0001579523086548,
				"bytes":	32862892,
				"bits_per_second":	262861616.40083277,
				"packets":	24379,
				"omitted":	false,
				"sender":	true
			}
		}, {
			"streams":	[{
					"socket":	5,
					"start":	14.000192,
					"end":	15.000003,
					"seconds":	0.99981099367141724,
					"bytes":	31332912,
					"bits_per_second":	250710681.90552345,
					"packets":	23244,
					"omitted":	false,
					"sender":	true
				}],
			"sum":	{
				"start":	14.000192,
				"end":	15.000003,