{
	"start":	{
		"connected":	[{
				"socket":	5,
				"local_host":	"10.1.1.28",
				"local_port":	57272,
				"remote_host":	"10.0.10.133",
				"remote_port":	5201
			}],
		"version":	"iperf 3.7",
		"system_info":	"Linux perf-vm2-sc3 5.4.0-148-generic #165-Ubuntu SMP Tue Apr 18 08:53:12 UTC 2023 x86_64",
		"timestamp":	{
			"time":	"Sat, 28 Feb 2026 22:41:06 GMT",
			"timesecs":	1772318466
		},
		"connecting_to":	{
			"host":	"10.0.10.133",
			"port":	5201
		},
		"cookie":	"ao3axqs33hg5i3mxw7vix2j3kcnyloafxkay",
		"tcp_mss_default":	1348,
		"sock_bufsize":	0,
		"sndbuf_actual":	16384,
		"rcvbuf_actual":	131072,
		"test_start":	{
			"protocol":	"TCP",
			"num_streams":	1,
			"blksize":	131072,
			"omit":	0,
			"duration":	30,
			"bytes":	0,
			"blocks":	0,
			"reverse":	0,
			"tos":	0
		}
	},
	"intervals":	[{
			"streams":	[{
					"socket":	5,
					"start":	0,
					"end":	1.000326,
					"seconds":	1.0003260374069214,
					"bytes":	1075614028,
					"bits_per_second":	8602107615.139101,
					"retransmits":	0,
					"snd_cwnd":	1796884,
					"rtt":	1149,
					"rttvar":	106,
					"pmtu":	1400,
					"omitted":	false,
					"sender":	true
				}],
			"sum":	{
				"start":	0,
				"end":	1.000326,
				"seconds":	1.0003260374069214,
				"bytes":	1075614028,
				"bits_per_second":	8602107615.139101,
				"retransmits":	0,
				"omitted":	false,
				"sender":	true
			}
		}, {
			"streams":	[{
					"socket":	5,
					"start":	1.000326,
					"end":	2.000359,
					"seconds":	1.0000330209732056,
					"bytes":	922486696,
					"bits_per_second":	7379649884.7788887,
					"retransmits":	0,
					"snd_cwnd":	1796884,
					"rtt":	2445,
					"rttvar":	496,
					"pmtu":	1400,
					"omitted":	false,
					"sender":	true
				}],
			"sum":	{
				"start":	1.000326,
				"end":	2.000359,
				"seconds":	1.0000330209732056,
				"bytes":	922486696,
				"bits_per_second":	7379649884.7788887,
				"retransmits":	0,
				"omitted":	false,
				"sender":	true
			}
		}, {
			"streams":	[{
					"socket":	5,
					"start":	2.000359,
					"end":	3.000582,
					"seconds":	1.0002230405807495,
					"bytes":	793768360,
					"bits_per_second":	6348730855.3829927,
					"retransmits":	0,
					"snd_cwnd":	1796884,
					"rtt":	2101,
					"rttvar":	442,
					"pmtu":	1400,
					"omitted":	false,
					"sender":	true
				}],
			"sum":	{
				"start":	2.000359,
				"end":	3.000582,
				"seconds":	1.0002230405807495,
				"bytes":	793768360,
				"bits_per_second":	6348730855.3829927,
				"retransmits":	0,
				"omitted":	false,
				"sender":	true
			}
		}, {
			"streams":	[{
					"socket":	5,
					"start":	3.000582,
					"end":	4.002183,
					"seconds":	1.001600980758667,
					"bytes":	716941148,
					"bits_per_second":	5726361389.59808,
					"retransmits":	0,
					"snd_cwnd":	1796884,
					"rtt":	4233,
					"rttvar":	956,
					"pmtu":	1400,
					"omitted":	false,
					"sender":	true
				}],
			"sum":	{
				"start":	3.000582,
				"end":	4.002183,
				"seconds":	1.001600980758667,
				"bytes":	716941148,
				"bits_per_second":	5726361389.59808,
				"retransmits":	0,
				"omitted":	false,
				"sender":	true
			}
		}, {
			"streams":	[{
					"socket":	5,
					"start":	4.002183,
					"end":	5.000607,
					"seconds":	0.9984239935874939,
					"bytes":	464519184,
					"bits_per_second":	3722019398.4394126,
					"retransmits":	0,
					"snd_cwnd":	1796884,
					"rtt":	2299,
					"rttvar":	376,
					"pmtu":	1400,
					"omitted":	false,
					"sender":	true
				}],
			"sum":	{
				"start":	4.002183,
				"end":	5.000607,
				"seconds":	0.9984239935874939,
				"bytes":	464519184,
				"bits_per_second":	3722019398.4394126,
				"retransmits":	0,
				"omitted":	false,
				"sender":	true
			}
		}, {
			"streams":	[{
					"socket":	5,
					"start":	5.000607,
					"end":	6.000183,
					"seconds":	0.99957597255706787,
					"bytes":	819273816,
					"bits_per_second":	6556970863.5886679,
					"retransmits":	0,
					"snd_cwnd":	1796884,
					"rtt":	1674,
					"rttvar":	226,
					"pmtu":	1400,
					"omitted":	false,
					"sender":	true
				}],
			"sum":	{
				"start":	5.000607,
				"end":	6.000183,
				"seconds":	0.99957597255706787,
				"bytes":	819273816,
				"bits_per_second":	6556970863.5886679,
				"retransmits":	0,
				"omitted":	false,
				"sender":	true
			}
		}, {
			"streams":	[{
					"socket":	5,
					"start":	6.000183,
					"end":	7.00066,
					"seconds":	1.0004769563674927,
					"bytes":	805287004,
					"bits_per_second":	6439224802.7286215,
					"retransmits":	0,
					"snd_cwnd":	1796884,
					"rtt":	1609,
					"rttvar":	181,
					"pmtu":	1400,
					"omitted":	false,
					"sender":	true
				}],
			"sum":	{
				"start":	6.000183,
				"end":	7.00066,
				"seconds":	1.0004769563674927,
				"bytes":	805287004,
				"bits_per_second":	6439224802.7286215,
				"retransmits":	0,
				"omitted":	false,
				"sender":	true
			}
		}, {
			"streams":	[{
					"socket":	5,
					"start":	7.00066,
					"end":	8.000476,
					"seconds":	0.99981600046157837,
					"bytes":	781243364,
					"bits_per_second":	6251097110.9830494,
					"retransmits":	0,
					"snd_cwnd":	1796884,
					"rtt":	1762,
					"rttvar":	258,
					"pmtu":	1400,
					"omitted":	false,
					"sender":	true
				}],
			"sum":	{
				"start":	7.00066,
				"end":	8.000476,
				"seconds":	0.99981600046157837,
				"bytes":	781243364,
				"bits_per_second":	6251097110.9830494,
				"retransmits":	0,
				"omitted":	false,
				"sender":	true
			}
		}, {
			"streams":	[{
					"socket":	5,
					"start":	8.000476,
					"end":	9.000836,
					"seconds":	1.0003600120544434,
					"bytes":	872102020,
					"bits_per_second":	6974305326.0112677,
					"retransmits":	0,
					"snd_cwnd":	1796884,
					"rtt":	2184,
					"rttvar":	479,
					"pmtu":	1400,
					"omitted":	false,
					"sender":	true
				}],
			"sum":	{
				"start":	8.000476,
				"end":	9.000836,
				"seconds":	1.0003600120544434,
				"bytes":	872102020,
				"bits_per_second":	6974305326.0112677,
				"retransmits":	0,
				"omitted":	false,
				"sender":	true
			}
		}, {
			"streams":	[{
					"socket":	5,
					"start":	9.000836,
					"end":	10.000269,
					"seconds":	0.99943298101425171,
					"bytes":	858195564,
					"bits_per_second":	6869459626.02979,
					"retransmits":	0,
					"snd_cwnd":	1796884,
					"rtt":	2004,
					"rttvar":	275,
					"pmtu":	1400,
					"omitted":	false,
					"sender":	true
				}],
			"sum":	{
				"start":	9.000836,
				"end":	10.000269,
				"seconds":	0.99943298101425171,
				"bytes":	858195564,
				"bits_per_second":	6869459626.02979,
				"retransmits":	0,
				"omitted":	false,
				"sender":	true
			}
		}, {
			"streams":	[{
					"socket":	5,
					"start":	10.000269,
					"end":	11.000466,
					"seconds":	1.0001970529556274,
					"bytes":	849104704,
					"bits_per_second":	6791499346.9805355,
					"retransmits":	0,
					"snd_cwnd":	1796884,
					"rtt":	2571,
					"rttvar":	996,
					"pmtu":	1400,
					"omitted":	false,
					"sender":	true
				}],
			"sum":	{
				"start":	10.000269,
				"end":	11.000466,
				"seconds":	1.0001970529556274,
				"bytes":	849104704,
				"bits_per_second":	6791499346.9805355,
				"retransmits":	0,
				"omitted":	false,
				"sender":	true
			}
		}, {
			"streams":	[{
					"socket":	5,
					"start":	11.000466,
					"end":	12.000422,
					"seconds":	0.99995601177215576,
					"bytes":	793598248,
					"bits_per_second":	6349065268.129612,
					"retransmits":	0,
					"snd_cwnd":	1796884,
					"rtt":	2668,
					"rttvar":	682,
					"pmtu":	1400,
					"omitted":	false,
					"sender":	true
				}],
			"sum":	{
				"start":	11.000466,
				"end":	12.000422,
				"seconds":	0.99995601177215576,
				"bytes":	793598248,
				"bits_per_second":	6349065268.129612,
				"retransmits":	0,
				"omitted":	false,
				"sender":	true
			}
		}, {
			"streams":	[{
					"socket":	5,
					"start":	12.000422,
					"end":	13.000774,
					"seconds":	1.0003520250320435,
					"bytes":	854767488,
					"bits_per_second":	6835733554.6763744,
					"retransmits":	0,
					"snd_cwnd":	1796884,
					"rtt":	1751,
					"rttvar":	222,